exchange,symbol,funding_rate_8h,funding_rate_annual_pct,mark_price
binance,0GUSDT,-0.000393,-42.98,0.73
binance,1000000BOBUSDT,0.000050,5.48,0.02
binance,1000000MOGUSDT,0.000050,5.48,0.23
binance,1000BONKUSDC,-0.000032,-3.54,0.01
binance,1000BONKUSDT,-0.000118,-12.91,0.01
binance,1000CATUSDT,0.000050,5.48,0.00
binance,1000CHEEMSUSDT,0.000050,5.48,0.00
binance,1000FLOKIUSDT,-0.000172,-18.82,0.04
binance,1000LUNCUSDT,-0.000139,-15.21,0.04
binance,1000PEPEUSDC,0.000003,0.29,0.00
binance,1000PEPEUSDT,-0.000035,-3.84,0.00
binance,1000RATSUSDT,0.000050,5.48,0.04
binance,1000SATSUSDT,0.000050,5.48,0.00
binance,1000SHIBUSDC,-0.000217,-23.78,0.01
binance,1000SHIBUSDT,-0.000249,-27.22,0.01
binance,1000WHYUSDT,0.000265,29.01,0.00
binance,1000XECUSDT,0.000100,10.95,0.01
binance,1INCHUSDT,0.000100,10.95,0.16
binance,1MBABYDOGEUSDT,0.000050,5.48,0.00
binance,2ZUSDT,0.000050,5.48,0.11
binance,42USDT,0.000050,5.48,0.04
binance,4USDT,0.000122,13.37,0.02
binance,A2ZUSDT,0.000050,5.48,0.00
binance,AAVEUSDC,0.000100,10.95,182.86
binance,AAVEUSDT,0.000023,2.51,182.97
binance,ACEUSDT,-0.000059,-6.46,0.24
binance,ACHUSDT,0.000054,5.96,0.01
binance,ACTUSDT,-0.000119,-13.06,0.03
binance,ACXUSDT,0.000050,5.48,0.05
binance,ADAUSDC,0.000050,5.48,0.37
binance,ADAUSDT,0.000047,5.15,0.37
binance,AERGOUSDT,-0.008570,-938.37,0.07
binance,AEROUSDT,-0.000043,-4.67,0.50
binance,AEVOUSDT,0.000044,4.85,0.04
binance,AGLDUSDT,0.000100,10.95,0.25
binance,AGTUSDT,0.000050,5.48,0.00
binance,AINUSDT,0.000050,5.48,0.05
binance,AIOTUSDT,0.000368,40.26,0.13
binance,AIOUSDT,0.000050,5.48,0.10
binance,AIUSDT,0.000050,5.48,0.04
binance,AIXBTUSDT,-0.000081,-8.86,0.03
binance,AKEUSDT,0.000122,13.39,0.00
binance,AKTUSDT,0.000050,5.48,0.38
binance,ALCHUSDT,0.000123,13.50,0.19
binance,ALGOUSDT,-0.000181,-19.78,0.11
binance,ALICEUSDT,0.000100,10.95,0.18
bitget,BTCUSDT,0.000031,3.39,88600.50
bitget,ETHUSDT,0.000016,1.75,2966.53
bitget,XRPUSDT,-0.000179,-19.60,1.91
bitget,BCHUSDT,0.000041,4.49,567.59
bitget,LTCUSDT,0.000026,2.85,77.73
bitget,ADAUSDT,0.000100,10.95,0.37
bitget,ETCUSDT,0.000100,10.95,12.29
bitget,LINKUSDT,0.000100,10.95,12.70
bitget,TRXUSDT,0.000081,8.87,0.28
bitget,DOTUSDT,-0.000375,-41.06,1.86
bitget,DOGEUSDT,0.000100,10.95,0.13
bitget,SOLUSDT,-0.000038,-4.16,126.48
bitget,BNBUSDT,-0.000124,-13.58,844.96
bitget,UNIUSDT,0.000016,1.75,5.31
bitget,ICPUSDT,0.000003,0.33,3.01
bitget,AAVEUSDT,0.000100,10.95,182.87
bitget,FILUSDT,-0.000366,-40.08,1.25
bitget,XLMUSDT,-0.000022,-2.41,0.22
bitget,ATOMUSDT,-0.000115,-12.59,1.95
bitget,XTZUSDT,0.000010,1.10,0.45
bitget,SUSHIUSDT,0.000097,10.62,0.29
bitget,AXSUSDT,0.000100,10.95,0.87
bitget,THETAUSDT,0.000100,10.95,0.30
bitget,AVAXUSDT,-0.000070,-7.66,12.20
bitget,DASHUSDT,0.000100,10.95,38.75
bitget,SHIBUSDT,-0.000210,-23.00,0.00
bitget,MANAUSDT,0.000100,10.95,0.13
bitget,GALAUSDT,0.000100,10.95,0.01
bitget,SANDUSDT,0.000100,10.95,0.12
bitget,DYDXUSDT,0.000100,10.95,0.17
bybit,0GUSDT,-0.000005,-4.01,0.73
bybit,1000000BABYDOGEUSDT,0.000050,10.95,0.00
bybit,1000000CHEEMSUSDT,0.000050,10.95,1.01
bybit,1000000MOGUSDT,-0.000051,-11.09,0.23
bybit,10000ELONUSDT,-0.000482,-105.62,0.00
bybit,10000QUBICUSDT,0.000100,10.95,0.01
bybit,10000SATSUSDT,0.000050,10.95,0.00
bybit,1000BONKPERP,0.000100,10.95,0.01
bybit,1000BONKUSDT,-0.000032,-7.05,0.01
bybit,1000BTTUSDT,0.000100,10.95,0.00
bybit,1000CATUSDT,0.000050,10.95,0.00
bybit,1000FLOKIUSDT,0.000062,6.76,0.04
bybit,1000LUNCUSDT,-0.000289,-31.60,0.04
bybit,1000NEIROCTOPERP,0.000050,10.95,0.11
bybit,1000NEIROCTOUSDT,0.000050,10.95,0.11
bybit,1000PEPEPERP,0.000100,10.95,0.00
bybit,1000PEPEUSDT,0.000100,10.95,0.00
bybit,1000RATSUSDT,0.000050,10.95,0.04
bybit,1000TAGUSDT,0.000245,53.56,0.53
bybit,1000TOSHIUSDT,-0.000220,-192.82,0.33
bybit,1000TURBOUSDT,-0.000167,-36.54,1.77
bybit,1000XECUSDT,-0.000154,-16.81,0.01
bybit,1000XUSDT,0.000050,10.95,0.02
bybit,1INCHUSDT,0.000100,10.95,0.16
bybit,2ZUSDT,0.000050,10.95,0.11
bybit,4USDT,0.000417,91.39,0.02
bybit,A2ZUSDT,0.000050,10.95,0.00
bybit,AAVEPERP,0.000050,10.95,183.03
bybit,AAVEUSDT,0.000059,6.43,183.02
bybit,ACEUSDT,0.000013,10.95,0.24
gateio,ZEC_USDT,-0.000344,-37.67,399.05
gateio,ICX_USDT,0.000100,10.95,0.05
gateio,GRASS_USDT,-0.000143,-31.32,0.28
gateio,DUSK_USDT,0.000100,10.95,0.04
gateio,JDON_USDT,0.000200,21.90,28.99
gateio,AIXBT_USDT,-0.000165,-36.13,0.03
gateio,NIL_USDT,-0.000200,-43.80,0.06
gateio,EVAA_USDT,0.000012,10.51,0.68
gateio,COAI_USDT,0.000012,10.51,0.47
gateio,KNC_USDT,-0.000246,-26.94,0.22
gateio,BOB_USDT,0.000050,10.95,0.01
gateio,PNUT_USDT,0.000050,10.95,0.07
gateio,SC_USDT,0.000100,10.95,0.00
gateio,NMR_USDT,-0.000037,-32.41,9.66
gateio,BEL_USDT,-0.000194,-21.24,0.12
gateio,PIEVERSE_USDT,-0.000859,-188.12,0.38
gateio,ZRC_USDT,0.000012,10.51,0.01
gateio,ARIA_USDT,0.000050,10.95,0.06
gateio,HIPPO_USDT,0.000012,10.51,0.00
gateio,INJ_USDT,-0.000028,-3.07,4.80
htx,TRX-USD,0.000100,10.95,0.00
htx,XRP-USD,0.000100,10.95,0.00
htx,LTC-USD,0.000100,10.95,0.00
htx,DOT-USD,0.000100,10.95,0.00
htx,DOGE-USD,0.000100,10.95,0.00
htx,LINK-USD,0.000100,10.95,0.00
htx,ADA-USD,0.000100,10.95,0.00
htx,BTC-USD,0.000100,10.95,0.00
htx,ETH-USD,0.000100,10.95,0.00
kraken,PF_AUCTIONUSD,0.012149,1330.32,4.83
kraken,PF_ALTUSD,-0.000000,-0.04,0.01
kraken,PF_PENGUUSD,0.000000,0.01,0.01
kraken,PF_RENDERUSD,0.000035,3.80,1.32
kraken,PF_ARBUSD,-0.000001,-0.14,0.19
kraken,PF_PYTHUSD,0.000001,0.09,0.06
kraken,PF_MEWUSD,-0.000000,-0.01,0.00
kraken,PF_SPYXUSD,0.000000,0.00,678.72
kraken,PF_SKLUSD,-0.000001,-0.15,0.01
kraken,PF_CELOUSD,-0.000015,-1.61,0.13
kraken,PF_C98USD,0.000058,6.32,0.02
kraken,PF_EURUSD,0.000012,1.28,1.17
kraken,PF_JTOUSD,0.000001,0.06,0.34
kraken,PF_LUNA2USD,-0.000001,-0.16,0.12
kraken,PF_SUSD,-0.000003,-0.37,0.08
kraken,PF_JPYUSD,0.000000,0.00,0.01
kraken,PF_FLUXUSD,0.000005,0.53,0.10
kraken,PF_MNTUSD,-0.000058,-6.34,1.22
kucoin,XBTUSDTM,0.000055,6.02,88589.00
kucoin,ETHUSDTM,-0.000031,-3.39,2966.34
kucoin,SOLUSDTM,-0.000032,-3.50,126.50
kucoin,WIFUSDTM,-0.000177,-19.38,0.37
kucoin,PEPEUSDTM,-0.000135,-14.78,0.00
kucoin,DOGEUSDTM,0.000019,2.08,0.13
kucoin,XRPUSDTM,-0.000035,-3.83,1.91
kucoin,0GUSDTM,-0.000643,-70.41,0.73
kucoin,1000000MOGUSDTM,-0.000490,-53.65,0.23
kucoin,10000CATUSDTM,0.000008,0.88,0.03
kucoin,10000SATSUSDTM,-0.000129,-14.13,0.00
kucoin,1000BONKUSDTM,-0.000103,-11.28,0.01
kucoin,1000CHEEMSUSDTM,-0.000161,-17.63,0.00
kucoin,1000RATSUSDTM,-0.000549,-60.12,0.04
kucoin,1INCHUSDTM,0.000002,0.22,0.16
kucoin,1MBABYDOGEUSDTM,0.000337,36.90,0.00
kucoin,2ZUSDTM,0.000187,20.48,0.11
kucoin,42USDTM,0.003835,419.93,0.04
kucoin,4USDTM,0.001469,160.86,0.02
kucoin,A2ZUSDTM,0.000039,4.27,0.00
mexc,BTC_USDT,0.000026,2.85,88574.80
mexc,ETH_USDT,0.000028,3.07,2965.72
mexc,SOL_USDT,-0.000020,-2.19,126.46
mexc,PIPPIN_USDT,-0.000734,-80.37,0.43
mexc,VOOI_USDT,-0.005033,-551.11,0.10
mexc,BTC_USD,0.000033,3.61,88532.00
mexc,BEAT_USDT,-0.003072,-336.38,2.76
mexc,ETH_USD,0.000100,10.95,2971.25
mexc,H_USDT,0.000050,5.48,0.09
mexc,ZEC_USDT,0.000010,1.10,399.07
mexc,LTC_USD,0.000100,10.95,77.85
mexc,XRP_USD,0.000021,2.30,1.91
mexc,ADA_USD,0.000100,10.95,0.38
mexc,LINK_USD,0.000100,10.95,12.71
mexc,AVAX_USD,0.000100,10.95,12.19
mexc,SOL_USD,0.000018,1.97,126.38
mexc,DOGE_USD,0.000047,5.15,0.13
mexc,SUI_USD,0.000100,10.95,1.46
mexc,XRP_USDT,-0.000083,-9.09,1.91
mexc,HMSTR_USDT,-0.008027,-878.96,0.00
okx,BTC-USD-SWAP,0.000100,10.95,0.00
okx,BTC-USD_UM-SWAP,0.000100,10.95,0.00
okx,ETH-USD-SWAP,0.000100,10.95,0.00
okx,ETH-USD_UM-SWAP,0.000065,7.11,0.00
okx,SOL-USD-SWAP,-0.000057,-6.19,0.00
okx,SOL-USD_UM-SWAP,0.000100,10.95,0.00
okx,DOGE-USD-SWAP,0.000100,10.95,0.00
okx,XRP-USD-SWAP,-0.000025,-2.77,0.00
okx,BCH-USD-SWAP,0.000100,10.95,0.00
okx,ADA-USD-SWAP,0.000100,10.95,0.00
okx,AVAX-USD-SWAP,0.000100,10.95,0.00
okx,DOT-USD-SWAP,0.000100,10.95,0.00
okx,ETC-USD-SWAP,0.000100,10.95,0.00
okx,FIL-USD-SWAP,0.000100,10.95,0.00
okx,LINK-USD-SWAP,0.000100,10.95,0.00
okx,LTC-USD-SWAP,0.000100,10.95,0.00
okx,SUI-USD-SWAP,0.000100,10.95,0.00
okx,UNI-USD-SWAP,0.000100,10.95,0.00
okx,BTC-USDT-SWAP,0.000055,6.05,0.00
okx,ETH-USDT-SWAP,0.000011,1.21,0.00
