exchange,symbol,funding_rate,funding_time_ms
bybit,BTCUSDT,0.00006586,1759132800000
binance,BTCUSDT,0.00001304,1759132800002
bybit,BTCUSDT,0.00010000,1759161600000
binance,BTCUSDT,0.00000032,1759161600001
bybit,BTCUSDT,0.00006638,1759190400000
binance,BTCUSDT,0.00002353,1759190400002
bybit,BTCUSDT,0.00008111,1759219200000
binance,BTCUSDT,0.00005893,1759219200005
binance,BTCUSDT,0.00002584,1759248000000
bybit,BTCUSDT,0.00001288,1759248000000
binance,BTCUSDT,0.00003355,1759276800000
bybit,BTCUSDT,0.00010000,1759276800000
binance,BTCUSDT,0.00003457,1759305600000
bybit,BTCUSDT,0.00010000,1759305600000
bybit,BTCUSDT,0.00002801,1759334400000
binance,BTCUSDT,0.00010000,1759334400000
binance,BTCUSDT,0.00007784,1759363200000
bybit,BTCUSDT,0.00004183,1759363200000
bybit,BTCUSDT,0.00006812,1759392000000
binance,BTCUSDT,0.00010000,1759392000013
bybit,BTCUSDT,0.00009106,1759420800000
binance,BTCUSDT,0.00009543,1759420800000
bybit,BTCUSDT,0.00001482,1759449600000
binance,BTCUSDT,0.00009926,1759449600006
bybit,BTCUSDT,0.00000066,1759478400000
binance,BTCUSDT,0.00010000,1759478400006
bybit,BTCUSDT,0.00001396,1759507200000
binance,BTCUSDT,0.00010000,1759507200000
bybit,BTCUSDT,0.00000884,1759536000000
binance,BTCUSDT,0.00010000,1759536000001
binance,BTCUSDT,0.00010000,1759564800000
bybit,BTCUSDT,0.00005991,1759564800000
bybit,BTCUSDT,0.00004757,1759593600000
binance,BTCUSDT,0.00008312,1759593600000
bybit,BTCUSDT,0.00010000,1759622400000
binance,BTCUSDT,0.00008648,1759622400000
bybit,BTCUSDT,0.00010000,1759651200000
binance,BTCUSDT,0.00010000,1759651200003
bybit,BTCUSDT,0.00007664,1759680000000
binance,BTCUSDT,0.00009566,1759680000009
bybit,BTCUSDT,0.00009618,1759708800000
binance,BTCUSDT,0.00007672,1759708800004
bybit,BTCUSDT,0.00010000,1759737600000
binance,BTCUSDT,0.00009708,1759737600002
bybit,BTCUSDT,0.00007580,1759766400000
binance,BTCUSDT,0.00005831,1759766400004
binance,BTCUSDT,0.00010000,1759795200000
bybit,BTCUSDT,0.00000246,1759795200000
bybit,BTCUSDT,-0.00002887,1759824000000
binance,BTCUSDT,0.00008608,1759824000003
bybit,BTCUSDT,0.00010000,1759852800000
binance,BTCUSDT,0.00006194,1759852800000
bybit,BTCUSDT,0.00010000,1759881600000
binance,BTCUSDT,0.00002542,1759881600000
bybit,BTCUSDT,0.00010000,1759910400000
binance,BTCUSDT,0.00010000,1759910400006
bybit,BTCUSDT,0.00010000,1759939200000
binance,BTCUSDT,0.00005396,1759939200002
bybit,BTCUSDT,0.00003109,1759968000000
binance,BTCUSDT,0.00001344,1759968000001
bybit,BTCUSDT,0.00003706,1759996800000
binance,BTCUSDT,0.00005350,1759996800000
bybit,BTCUSDT,0.00005581,1760025600000
binance,BTCUSDT,0.00001455,1760025600000
bybit,BTCUSDT,0.00010000,1760054400000
binance,BTCUSDT,0.00000785,1760054400005
bybit,BTCUSDT,0.00010000,1760083200000
binance,BTCUSDT,0.00003879,1760083200002
bybit,BTCUSDT,0.00004578,1760112000000
binance,BTCUSDT,0.00001013,1760112000014
binance,BTCUSDT,0.00010000,1760140800000
bybit,BTCUSDT,-0.00014131,1760140800000
bybit,BTCUSDT,0.00010000,1760169600000
binance,BTCUSDT,0.00010000,1760169600003
bybit,BTCUSDT,0.00010000,1760198400000
binance,BTCUSDT,0.00000467,1760198400000
bybit,BTCUSDT,-0.00000737,1760227200000
binance,BTCUSDT,-0.00003055,1760227200004
bybit,BTCUSDT,0.00002840,1760256000000
binance,BTCUSDT,0.00002865,1760256000002
binance,BTCUSDT,-0.00010915,1760284800000
bybit,BTCUSDT,0.00006092,1760284800000
bybit,BTCUSDT,0.00010000,1760313600000
binance,BTCUSDT,-0.00003942,1760313600003
bybit,BTCUSDT,0.00010000,1760342400000
binance,BTCUSDT,0.00002519,1760342400002
bybit,BTCUSDT,0.00004824,1760371200000
binance,BTCUSDT,-0.00002305,1760371200003
bybit,BTCUSDT,0.00007775,1760400000000
binance,BTCUSDT,-0.00004041,1760400000000
bybit,BTCUSDT,-0.00002259,1760428800000
binance,BTCUSDT,0.00000712,1760428800000
bybit,BTCUSDT,0.00000030,1760457600000
binance,BTCUSDT,-0.00004498,1760457600000
bybit,BTCUSDT,0.00000962,1760486400000
binance,BTCUSDT,-0.00005425,1760486400006
bybit,BTCUSDT,0.00002225,1760515200000
binance,BTCUSDT,0.00003973,1760515200002
bybit,BTCUSDT,-0.00000158,1760544000000
binance,BTCUSDT,0.00000225,1760544000000
bybit,BTCUSDT,0.00000329,1760572800000
binance,BTCUSDT,-0.00002741,1760572800000
bybit,BTCUSDT,-0.00000475,1760601600000
binance,BTCUSDT,-0.00002230,1760601600003
bybit,BTCUSDT,-0.00003787,1760630400000
binance,BTCUSDT,-0.00003004,1760630400002
bybit,BTCUSDT,0.00000925,1760659200000
binance,BTCUSDT,-0.00000285,1760659200001
bybit,BTCUSDT,-0.00000891,1760688000000
binance,BTCUSDT,-0.00000634,1760688000005
bybit,BTCUSDT,0.00001371,1760716800000
binance,BTCUSDT,-0.00000291,1760716800003
binance,BTCUSDT,-0.00004819,1760745600000
bybit,BTCUSDT,-0.00002473,1760745600000
bybit,BTCUSDT,-0.00001289,1760774400000
binance,BTCUSDT,-0.00006376,1760774400002
bybit,BTCUSDT,0.00005928,1760803200000
binance,BTCUSDT,-0.00003681,1760803200001
bybit,BTCUSDT,0.00003953,1760832000000
binance,BTCUSDT,-0.00001411,1760832000001
bybit,BTCUSDT,0.00003762,1760860800000
binance,BTCUSDT,0.00001512,1760860800001
bybit,BTCUSDT,0.00010000,1760889600000
binance,BTCUSDT,0.00002787,1760889600001
bybit,BTCUSDT,0.00005677,1760918400000
binance,BTCUSDT,-0.00002197,1760918400004
bybit,BTCUSDT,0.00010000,1760947200000
binance,BTCUSDT,-0.00000665,1760947200001
binance,BTCUSDT,-0.00000018,1760976000000
bybit,BTCUSDT,0.00010000,1760976000000
bybit,BTCUSDT,0.00007228,1761004800000
binance,BTCUSDT,-0.00005567,1761004800009
binance,BTCUSDT,0.00002222,1761033600000
bybit,BTCUSDT,0.00001871,1761033600000
binance,BTCUSDT,-0.00002506,1761062400000
bybit,BTCUSDT,0.00008799,1761062400000
bybit,BTCUSDT,0.00002025,1761091200000
binance,BTCUSDT,-0.00004212,1761091200004
binance,BTCUSDT,0.00002445,1761120000000
bybit,BTCUSDT,0.00004647,1761120000000
binance,BTCUSDT,0.00005702,1761148800000
bybit,BTCUSDT,0.00005500,1761148800000
binance,BTCUSDT,0.00008911,1761177600000
bybit,BTCUSDT,0.00005646,1761177600000
bybit,BTCUSDT,0.00010000,1761206400000
binance,BTCUSDT,0.00002673,1761206400001
bybit,BTCUSDT,0.00006755,1761235200000
binance,BTCUSDT,0.00003933,1761235200004
bybit,BTCUSDT,-0.00000164,1761264000000
binance,BTCUSDT,0.00003391,1761264000000
binance,BTCUSDT,0.00001783,1761292800000
bybit,BTCUSDT,0.00010000,1761292800000
bybit,BTCUSDT,0.00004654,1761321600000
binance,BTCUSDT,0.00003224,1761321600009
binance,BTCUSDT,0.00005020,1761350400000
bybit,BTCUSDT,0.00003168,1761350400000
bybit,BTCUSDT,0.00010000,1761379200000
binance,BTCUSDT,0.00001484,1761379200001
bybit,BTCUSDT,0.00010000,1761408000000
binance,BTCUSDT,0.00005570,1761408000001
bybit,BTCUSDT,0.00009909,1761436800000
binance,BTCUSDT,0.00001903,1761436800001
bybit,BTCUSDT,0.00005578,1761465600000
binance,BTCUSDT,0.00000535,1761465600001
bybit,BTCUSDT,0.00010000,1761494400000
binance,BTCUSDT,0.00006904,1761494400000
bybit,BTCUSDT,0.00010000,1761523200000
binance,BTCUSDT,0.00010000,1761523200000
bybit,BTCUSDT,0.00010000,1761552000000
binance,BTCUSDT,0.00010000,1761552000005
bybit,BTCUSDT,0.00005882,1761580800000
binance,BTCUSDT,0.00007304,1761580800000
bybit,BTCUSDT,0.00001045,1761609600000
binance,BTCUSDT,0.00006059,1761609600000
binance,BTCUSDT,0.00007806,1761638400000
bybit,BTCUSDT,0.00003558,1761638400000
bybit,BTCUSDT,0.00008991,1761667200000
binance,BTCUSDT,0.00002992,1761667200004
bybit,BTCUSDT,-0.00000396,1761696000000
binance,BTCUSDT,-0.00000032,1761696000004
bybit,BTCUSDT,0.00001593,1761724800000
binance,BTCUSDT,0.00003588,1761724800005
bybit,BTCUSDT,0.00001663,1761753600000
binance,BTCUSDT,0.00005003,1761753600000
bybit,BTCUSDT,0.00002081,1761782400000
binance,BTCUSDT,0.00001097,1761782400004
bybit,BTCUSDT,0.00003620,1761811200000
binance,BTCUSDT,0.00003449,1761811200008
bybit,BTCUSDT,-0.00002633,1761840000000
binance,BTCUSDT,0.00003562,1761840000001
bybit,BTCUSDT,0.00002357,1761868800000
binance,BTCUSDT,0.00000213,1761868800000
bybit,BTCUSDT,0.00010000,1761897600000
binance,BTCUSDT,0.00010000,1761897600008
bybit,BTCUSDT,0.00005658,1761926400000
binance,BTCUSDT,0.00010000,1761926400007
bybit,BTCUSDT,0.00002475,1761955200000
binance,BTCUSDT,0.00010000,1761955200001
bybit,BTCUSDT,0.00002432,1761984000000
binance,BTCUSDT,0.00010000,1761984000000
bybit,BTCUSDT,0.00006744,1762012800000
binance,BTCUSDT,0.00009782,1762012800000
bybit,BTCUSDT,0.00005819,1762041600000
binance,BTCUSDT,0.00008200,1762041600007
bybit,BTCUSDT,0.00004760,1762070400000
binance,BTCUSDT,0.00008150,1762070400000
bybit,BTCUSDT,0.00001946,1762099200000
binance,BTCUSDT,0.00005635,1762099200001
binance,BTCUSDT,0.00006098,1762128000000
bybit,BTCUSDT,0.00002067,1762128000000
bybit,BTCUSDT,-0.00004708,1762156800000
binance,BTCUSDT,0.00006853,1762156800010
binance,BTCUSDT,0.00005329,1762185600000
bybit,BTCUSDT,0.00005290,1762185600000
bybit,BTCUSDT,0.00003846,1762214400000
binance,BTCUSDT,0.00010000,1762214400002
bybit,BTCUSDT,-0.00001217,1762243200000
binance,BTCUSDT,0.00005808,1762243200004
bybit,BTCUSDT,0.00004548,1762272000000
binance,BTCUSDT,0.00006339,1762272000000
bybit,BTCUSDT,0.00004865,1762300800000
binance,BTCUSDT,0.00007132,1762300800000
binance,BTCUSDT,0.00002831,1762329600000
bybit,BTCUSDT,0.00001344,1762329600000
bybit,BTCUSDT,-0.00001140,1762358400000
binance,BTCUSDT,0.00002816,1762358400004
bybit,BTCUSDT,0.00002099,1762387200000
binance,BTCUSDT,0.00003985,1762387200001
bybit,BTCUSDT,0.00003291,1762416000000
binance,BTCUSDT,0.00007916,1762416000000
bybit,BTCUSDT,0.00004827,1762444800000
binance,BTCUSDT,0.00004494,1762444800001
bybit,BTCUSDT,-0.00003307,1762473600000
binance,BTCUSDT,0.00004705,1762473600005
bybit,BTCUSDT,0.00003929,1762502400000
binance,BTCUSDT,0.00004227,1762502400003
bybit,BTCUSDT,0.00002520,1762531200000
binance,BTCUSDT,0.00008631,1762531200005
bybit,BTCUSDT,0.00007924,1762560000000
binance,BTCUSDT,0.00007776,1762560000011
bybit,BTCUSDT,0.00000847,1762588800000
binance,BTCUSDT,0.00003047,1762588800015
bybit,BTCUSDT,-0.00000744,1762617600000
binance,BTCUSDT,0.00003740,1762617600001
bybit,BTCUSDT,-0.00000171,1762646400000
binance,BTCUSDT,-0.00001640,1762646400004
binance,BTCUSDT,0.00004187,1762675200000
bybit,BTCUSDT,0.00003745,1762675200000
bybit,BTCUSDT,0.00007699,1762704000000
binance,BTCUSDT,0.00008948,1762704000005
binance,BTCUSDT,0.00008870,1762732800000
bybit,BTCUSDT,0.00009233,1762732800000
binance,BTCUSDT,0.00007355,1762761600000
bybit,BTCUSDT,0.00008068,1762761600000
bybit,BTCUSDT,0.00004716,1762790400000
binance,BTCUSDT,0.00004979,1762790400003
bybit,BTCUSDT,0.00001350,1762819200000
binance,BTCUSDT,0.00002818,1762819200007
binance,BTCUSDT,-0.00002775,1762848000000
bybit,BTCUSDT,-0.00004885,1762848000000
bybit,BTCUSDT,0.00005706,1762876800000
binance,BTCUSDT,0.00005823,1762876800009
bybit,BTCUSDT,0.00006811,1762905600000
binance,BTCUSDT,0.00002462,1762905600000
bybit,BTCUSDT,0.00003386,1762934400000
binance,BTCUSDT,0.00000687,1762934400002
binance,BTCUSDT,0.00005786,1762963200000
bybit,BTCUSDT,0.00009323,1762963200000
bybit,BTCUSDT,-0.00001163,1762992000000
binance,BTCUSDT,0.00001077,1762992000002
binance,BTCUSDT,0.00009352,1763020800000
bybit,BTCUSDT,0.00001427,1763020800000
bybit,BTCUSDT,0.00002564,1763049600000
binance,BTCUSDT,0.00007448,1763049600001
binance,BTCUSDT,0.00008569,1763078400000
bybit,BTCUSDT,-0.00004056,1763078400000
binance,BTCUSDT,0.00009126,1763107200000
bybit,BTCUSDT,0.00001296,1763107200000
bybit,BTCUSDT,0.00005789,1763136000000
binance,BTCUSDT,0.00009078,1763136000001
bybit,BTCUSDT,0.00004552,1763164800000
binance,BTCUSDT,0.00008507,1763164800005
bybit,BTCUSDT,0.00007120,1763193600000
binance,BTCUSDT,0.00010000,1763193600000
bybit,BTCUSDT,0.00004470,1763222400000
binance,BTCUSDT,0.00005923,1763222400001
bybit,BTCUSDT,0.00000979,1763251200000
binance,BTCUSDT,0.00007745,1763251200001
binance,BTCUSDT,0.00010000,1763280000000
bybit,BTCUSDT,0.00003754,1763280000000
bybit,BTCUSDT,0.00004955,1763308800000
binance,BTCUSDT,0.00007060,1763308800000
bybit,BTCUSDT,0.00005953,1763337600000
binance,BTCUSDT,0.00010000,1763337600003
bybit,BTCUSDT,0.00010000,1763366400000
binance,BTCUSDT,0.00009568,1763366400003
bybit,BTCUSDT,0.00007101,1763395200000
binance,BTCUSDT,0.00007208,1763395200000
bybit,BTCUSDT,0.00008162,1763424000000
binance,BTCUSDT,0.00010000,1763424000002
bybit,BTCUSDT,0.00004310,1763452800000
binance,BTCUSDT,0.00010000,1763452800004
binance,BTCUSDT,0.00003725,1763481600000
bybit,BTCUSDT,0.00010000,1763481600000
bybit,BTCUSDT,0.00004908,1763510400000
binance,BTCUSDT,0.00007496,1763510400000
bybit,BTCUSDT,-0.00000434,1763539200000
binance,BTCUSDT,0.00005012,1763539200000
bybit,BTCUSDT,-0.00000981,1763568000000
binance,BTCUSDT,0.00003980,1763568000008
binance,BTCUSDT,0.00004259,1763596800000
bybit,BTCUSDT,0.00004555,1763596800000
binance,BTCUSDT,0.00010000,1763625600000
bybit,BTCUSDT,0.00010000,1763625600000
bybit,BTCUSDT,0.00001338,1763654400000
binance,BTCUSDT,0.00008999,1763654400000
bybit,BTCUSDT,-0.00000479,1763683200000
binance,BTCUSDT,0.00004272,1763683200001
binance,BTCUSDT,0.00004524,1763712000000
bybit,BTCUSDT,-0.00000726,1763712000000
bybit,BTCUSDT,0.00005602,1763740800000
binance,BTCUSDT,0.00002642,1763740800001
bybit,BTCUSDT,0.00003390,1763769600000
binance,BTCUSDT,0.00001373,1763769600004
binance,BTCUSDT,0.00006735,1763798400000
bybit,BTCUSDT,0.00002259,1763798400000
binance,BTCUSDT,0.00005057,1763827200000
bybit,BTCUSDT,0.00006123,1763827200000
bybit,BTCUSDT,0.00004974,1763856000000
binance,BTCUSDT,0.00003812,1763856000000
bybit,BTCUSDT,0.00004368,1763884800000
binance,BTCUSDT,0.00000153,1763884800008
bybit,BTCUSDT,0.00000931,1763913600000
binance,BTCUSDT,-0.00000893,1763913600003
bybit,BTCUSDT,-0.00001427,1763942400000
binance,BTCUSDT,-0.00000006,1763942400004
binance,BTCUSDT,-0.00000134,1763971200000
bybit,BTCUSDT,-0.00003212,1763971200000
bybit,BTCUSDT,-0.00000016,1764000000000
binance,BTCUSDT,0.00005044,1764000000006
binance,BTCUSDT,-0.00005290,1764028800000
bybit,BTCUSDT,-0.00006725,1764028800000
bybit,BTCUSDT,-0.00000414,1764057600000
binance,BTCUSDT,0.00001996,1764057600009
bybit,BTCUSDT,-0.00004901,1764086400000
binance,BTCUSDT,-0.00003019,1764086400007
bybit,BTCUSDT,-0.00000927,1764115200000
binance,BTCUSDT,0.00004038,1764115200001
bybit,BTCUSDT,-0.00000268,1764144000000
binance,BTCUSDT,0.00005388,1764144000001
bybit,BTCUSDT,0.00000162,1764172800000
binance,BTCUSDT,-0.00000419,1764172800000
bybit,BTCUSDT,0.00003410,1764201600000
binance,BTCUSDT,-0.00002599,1764201600013
bybit,BTCUSDT,-0.00000303,1764230400000
binance,BTCUSDT,0.00002408,1764230400000
bybit,BTCUSDT,-0.00000801,1764259200000
binance,BTCUSDT,0.00004624,1764259200004
bybit,BTCUSDT,0.00000170,1764288000000
binance,BTCUSDT,0.00001771,1764288000008
bybit,BTCUSDT,-0.00000378,1764316800000
binance,BTCUSDT,0.00006007,1764316800000
bybit,BTCUSDT,-0.00000746,1764345600000
binance,BTCUSDT,-0.00001703,1764345600008
bybit,BTCUSDT,-0.00009691,1764374400000
binance,BTCUSDT,-0.00001982,1764374400000
bybit,BTCUSDT,-0.00000976,1764403200000
binance,BTCUSDT,0.00001778,1764403200005
bybit,BTCUSDT,0.00001029,1764432000000
binance,BTCUSDT,0.00002635,1764432000001
bybit,BTCUSDT,0.00007307,1764460800000
binance,BTCUSDT,0.00006082,1764460800003
binance,BTCUSDT,0.00003556,1764489600000
bybit,BTCUSDT,0.00005238,1764489600000
bybit,BTCUSDT,0.00001622,1764518400000
binance,BTCUSDT,0.00003880,1764518400004
bybit,BTCUSDT,0.00000750,1764547200000
binance,BTCUSDT,0.00003593,1764547200000
bybit,BTCUSDT,-0.00000605,1764576000000
binance,BTCUSDT,0.00003153,1764576000004
bybit,BTCUSDT,-0.00000107,1764604800000
binance,BTCUSDT,0.00001491,1764604800000
bybit,BTCUSDT,-0.00000917,1764633600000
binance,BTCUSDT,-0.00001009,1764633600004
binance,BTCUSDT,0.00002643,1764662400000
bybit,BTCUSDT,0.00004832,1764662400000
binance,BTCUSDT,0.00003999,1764691200000
bybit,BTCUSDT,0.00001790,1764691200000
binance,BTCUSDT,-0.00001732,1764720000000
bybit,BTCUSDT,0.00000924,1764720000000
binance,BTCUSDT,0.00004206,1764748800000
bybit,BTCUSDT,0.00002730,1764748800000
bybit,BTCUSDT,0.00003174,1764777600000
binance,BTCUSDT,-0.00000885,1764777600005
bybit,BTCUSDT,0.00007408,1764806400000
binance,BTCUSDT,-0.00000395,1764806400012
binance,BTCUSDT,0.00007435,1764835200000
bybit,BTCUSDT,0.00003057,1764835200000
bybit,BTCUSDT,-0.00000857,1764864000000
binance,BTCUSDT,0.00003928,1764864000011
